{
  "timestamp": "2025-12-01T23:43:30.982901",
  "dataset": "youtube-toxicity-data",
  "metrics": {
    "accuracy": 0.72,
    "precision": 0.7195121951219512,
    "recall": 0.6413043478260869,
    "f1_score": 0.6781609195402298,
    "roc_auc": 0.8072665056360709,
    "true_negatives": 85,
    "false_positives": 23,
    "false_negatives": 33,
    "true_positives": 59,
    "specificity": 0.7870370370370371,
    "false_positive_rate": 0.21296296296296297,
    "false_negative_rate": 0.358695652173913
  },
  "confusion_matrix": {
    "true_negatives": 85,
    "false_positives": 23,
    "false_negatives": 33,
    "true_positives": 59
  }
}